iteration,incremental_cost_gbp,incremental_qaly
1,45142105.45213139,-6879.071594747849
2,27810082.317612607,-5693.842439289929
3,16211638.612541545,-5577.762763358866
4,34220027.50399509,-5573.583426629193
5,23993878.76954052,-7528.782425482724
6,28892445.987412672,-5649.513184297668
7,19206139.32350061,-6274.3060663523265
8,48295089.529413015,-8325.943376533609
9,30176936.510240927,-7095.152839359846
10,20973570.984158065,-5715.385338351949
11,27248019.229218997,-6354.4768646739185
12,14869962.401851114,-4120.50972197741
13,50827572.78509501,-7882.5097405315155
14,28690036.879044533,-6735.520299534981
15,25456474.530610643,-6189.226813921279
16,31645897.576933682,-5787.7698541812715
17,31291623.097820435,-5209.665406388153
18,17675634.46015493,-4826.443546778493
19,24562286.385111462,-5182.910276973023
20,17836972.12945502,-6797.3901266840185
21,36373206.60169035,-6550.766554389367
22,27550943.486803528,-6573.920187159039
23,32410395.68653394,-5525.835078190966
24,12234471.580737375,-4837.024339046828
25,33014466.88137836,-7120.661713655114
26,27516729.102734424,-5321.483324913568
27,23518476.65805596,-7026.569582090204
28,32477963.191213075,-5893.388989788981
29,18596181.050279565,-6496.397883493439
30,12869832.281258747,-6391.56030525329
31,18397303.43730685,-3740.910813932666
32,39497011.10931626,-6658.863735255609
33,22391178.086840127,-4863.622347032752
34,12698111.709124709,-5567.428156840131
35,39122956.59117381,-9319.103542528455
36,24108351.206123892,-8078.242851939166
37,41668110.67200284,-6343.339714471537
38,21037438.58310079,-5934.715832916116
39,20277174.29148515,-5791.022382705203
40,54810881.65433487,-7778.399165854381
41,7284339.098603856,-3863.6849219208707
42,33692770.55982411,-5693.0190174287845
43,27198777.24628541,-6179.624936341612
44,38803915.93979126,-6786.59952774235
45,46011637.53551658,-6502.927650634397
46,46060092.96053281,-7479.852428345633
47,45196369.45735487,-8966.932803695934
48,23549623.051165693,-5958.10556360848
49,12553916.026810119,-5056.486077046813
50,48405190.36717812,-6130.353015632487
51,30218988.675304256,-6260.33115651106
52,24903049.550171513,-6437.579490157039
53,95385413.41514434,-7961.855670699289
54,60388190.68413297,-8577.511573524116
55,32174041.53478016,-5633.342753738828
56,20013435.19424672,-5778.099151499977
57,7514333.310061209,-4230.693799265601
58,42589386.789905936,-6872.909294660668
59,41644355.10733962,-6332.268857048397
60,13210697.382591303,-5035.670945268619
61,25036230.520664465,-4769.619279482398
62,11812457.759732584,-5298.909187800289
63,60036885.60021654,-8629.463177443133
64,22586005.698339738,-7881.548443929691
65,32850146.8398057,-5919.960844716992
66,33988898.26223184,-5939.490379392602
67,21821647.069148216,-5141.051896120296
68,11323785.459308723,-5548.195509584308
69,69636748.1172211,-6670.10037174773
70,29187498.65561314,-6759.4989302021095
71,9546224.39111006,-4074.431637717087
72,14821359.888396934,-4228.494491169997
73,73914653.76347168,-10048.0225854176
74,36030698.53567415,-6659.856150797145
75,20212203.527637683,-7592.983791521921
76,15565841.725039627,-6240.526650102565
77,15214281.368600545,-6693.8045174231875
78,24355213.516274214,-4578.9711386764575
79,43340741.44730415,-5988.649598079151
80,52541080.646002874,-7282.558359997307
81,58977693.1210908,-8633.96876154063
82,17223799.432740916,-4332.681526769484
83,30668533.25309151,-6356.535739787138
84,40605548.3505827,-6319.402284546869
85,12538499.536425535,-4288.570468025369
86,58546614.36519792,-7645.018944658473
87,17471978.432532504,-6174.864353028319
88,13179934.81236225,-5885.143430499256
89,32798766.359500505,-6301.706938088349
90,20122359.009501155,-5686.294521561151
91,28370227.421948943,-6818.223507568
92,51122907.573910445,-7096.218941236599
93,12125738.292345474,-4188.8933161981895
94,40406573.120785356,-5873.687208257661
95,22579032.828975506,-4451.669977677937
96,42380344.59005387,-5663.180841078684
97,23382448.933545794,-5923.76365571004
98,19459681.877249382,-4870.701264117297
99,29410359.645372193,-4846.290305687292
100,52238535.86866441,-7622.697440300502
101,24281293.513807707,-5594.569318024589
102,46338129.40059685,-6450.597226636764
103,31169967.16562055,-6520.6056536988835
104,37164437.92491817,-5469.909078487135
105,4465635.23430282,-5331.281313222541
106,37022017.28186561,-7340.743647439186
107,40256187.89239761,-6725.165747579655
108,22769678.77821185,-5558.71232877553
109,28236480.204711907,-5918.1076466997865
110,27448021.870428693,-4442.005384413565
111,18182790.734172784,-4988.622719323581
112,21841449.043732367,-5196.239056572598
113,17971784.770288933,-5382.796607676493
114,35930673.52756121,-5831.203746326959
115,55575434.17359842,-8210.479344300464
116,36251756.99565576,-7944.618541185448
117,13611561.080429073,-6102.321185013281
118,29395318.296144187,-6480.452047889334
119,18347557.16311368,-5356.881025498624
120,63198838.809088685,-8988.87847316757
121,10045916.887185002,-5547.992330308107
122,38200808.6365969,-4734.279414613676
123,25660070.940430667,-5712.318348192531
124,9694428.728404105,-4199.969277212985
125,22667178.870731015,-7374.649778692417
126,30679570.725676347,-5556.983840211611
127,53900678.6815613,-6726.648949078648
128,31516144.50709928,-5479.681739225858
129,17425285.04158663,-6367.365110350502
130,46944528.55019685,-5917.575493768185
131,68745744.68171667,-7628.32672336869
132,37752287.72539218,-7036.952775010326
133,13813120.270695532,-4536.233322558803
134,9684474.048999857,-5828.855665085823
135,39787354.34762586,-6251.243625454139
136,38801982.7498485,-7593.334437893416
137,28375937.37372612,-7525.526262448169
138,16188391.562938925,-5643.798313241644
139,47282715.37433005,-7930.808645631181
140,22478042.70632821,-5748.468498737912
141,23521505.6701598,-5297.43757398717
142,21485638.791970648,-6121.600755394887
143,37564472.981426835,-6064.231805806128
144,16738622.65025948,-5434.828589311721
145,11548681.67087713,-6505.6994487514785
146,37139735.830991834,-6906.5728600290795
147,21033418.899475504,-5306.614868809969
148,15472140.255755242,-7087.0768837672895
149,25053298.713239215,-5413.008135070048
150,23660718.975819767,-5878.389708034691
151,13104816.264699042,-4905.91764611705
152,33215073.278772727,-5378.790183153539
153,12509030.756998394,-5734.419382543954
154,46250305.36302464,-8851.746143570112
155,15065404.797705052,-6968.754181937
156,20259655.20892945,-4717.466848106343
157,44534744.87393211,-7537.439269159003
158,17043582.023942605,-6518.662201976661
159,20829392.840074558,-5540.34966349458
160,28478416.005759068,-4774.251704567272
161,62448155.98132147,-7240.970843208127
162,46097333.81643564,-8280.627570451928
163,19631655.197126504,-5323.009053714337
164,26635039.93163555,-4756.5497384842365
165,18328573.21276895,-3953.7835283318063
166,42193929.090570375,-6310.660313847005
167,20089969.60518413,-5383.853091280462
168,41103653.68819975,-6350.9565107393255
169,22954534.91112103,-4775.967849761602
170,27888806.527406372,-5533.450371197754
171,26381379.43665314,-7017.5230903694255
172,40044369.16323753,-6813.085810265907
173,28316001.455713853,-6332.994636754481
174,34295781.42929869,-6058.710759225097
175,15309435.754083084,-5141.6400826292975
176,31762629.54478934,-7090.108316090407
177,19428962.858092193,-5333.66443867458
178,53519030.65291588,-6502.059702841713
179,27746798.569420494,-5810.508715297116
180,20510039.402738515,-5565.584922245875
181,39801923.76887991,-6250.414813143666
182,36906939.86977141,-5199.4426751155415
183,21511165.85465919,-3986.4305934533795
184,17706294.895348817,-6833.245601476196
185,45886527.534326226,-7682.161606116992
186,41331178.58272407,-6905.460813913819
187,24094419.88632521,-6853.179607195514
188,35889343.63871351,-5400.20283295009
189,31922857.111842647,-7853.154270473058
190,31966616.711937666,-5446.451255560382
191,32820641.11160126,-5532.430277453506
192,22529263.35295127,-5523.306179394669
193,23828473.612736665,-4544.870378775433
194,18623548.82643564,-4693.606202868055
195,20687801.832622305,-4641.77302111751
196,30616579.006680895,-5995.406897950204
197,11618136.543371493,-5122.785651243379
198,47184753.14260076,-6612.020734908864
199,36466885.13825028,-6914.665428157656
200,46408894.37635779,-7557.75603488255
201,63345429.40054428,-8902.202177788715
202,32857000.648811176,-5794.473541814505
203,28329511.732283123,-5575.773488692045
204,33326174.963394813,-6679.476786258523
205,50323196.5756426,-6842.5726447556735
206,26452875.856017094,-6564.572874636853
207,18106329.090756133,-4744.904429064555
208,58705720.611287326,-8134.088779426758
209,10204347.340956027,-5554.718678671421
210,26573499.81119588,-6008.221310784793
211,32906967.00706944,-5696.116678008331
212,44405230.02053324,-5849.881122509205
213,40942853.723867916,-6700.564659434706
214,26924838.848983094,-6134.905788252576
215,19399134.53698916,-6524.652404892188
216,20859726.101182435,-5947.158756413538
217,49058174.39747461,-6513.433137657212
218,40732268.191446275,-5757.346940587404
219,16177882.550599625,-5153.486832568096
220,37511007.16765998,-8097.21177044935
221,26888703.88890503,-6126.486729319428
222,29920228.0234295,-6461.283839866504
223,18556619.71163543,-5342.120875697089
224,44107046.00774839,-6981.871273591937
225,22251388.19052408,-5269.563991711339
226,38597493.08765652,-7490.614412460672
227,25704287.063759018,-7764.309610970113
228,46077381.12324492,-6878.556624877302
229,24747017.297400534,-4875.063138373141
230,22765316.582993872,-5092.993049667255
231,14714787.215391235,-4321.091737837238
232,30281771.473104235,-6349.788985823692
233,52313195.154190935,-6732.570843683107
234,46176444.05222751,-7035.42530628434
235,27282440.65548676,-6180.101653397015
236,48772254.79327093,-6834.929437788188
237,43572916.819762394,-7271.028433647247
238,14801626.286264632,-6514.817497733338
239,18729768.19885141,-5193.820401091478
240,24530209.248521596,-5120.601960367358
241,36019085.449764304,-6537.182217631484
242,40062822.6340119,-7782.814823401271
243,30837863.27985075,-7613.720331265962
244,16490644.015561622,-5483.599193707808
245,16528738.47605245,-5985.063602313674
246,31628910.874777615,-6050.794915067438
247,25390975.30929918,-5297.575971227366
248,24247351.98713852,-5708.321674544288
249,41724129.85907841,-5657.487761003775
250,46766768.80286022,-7143.201796549984
251,32433217.75835757,-6004.225238624647
252,19461375.80420622,-4851.3388431055055
253,29433631.485769685,-6338.2627063808895
254,12786521.908523165,-6437.389619524049
255,29528529.19243206,-6953.301001904833
256,32614097.066900387,-6822.772331151084
257,29779124.12425186,-6137.664377954605
258,23968764.317827906,-5517.013814524785
259,54127868.30214945,-6593.900453645014
260,27318262.863689736,-6761.91043369862
261,42569385.8925716,-5068.453871609579
262,72994182.38402483,-9104.23544578597
263,25799505.898304407,-4567.31010017142
264,47651227.43411922,-6583.444983813675
265,54779328.99552723,-8074.91349755821
266,49391244.06972921,-6948.902163817038
267,52438932.17591092,-6231.969494604931
268,24634426.447758347,-6211.5215030944
269,29917082.72836716,-6040.426655266276
270,27062672.419992376,-5379.282051933181
271,19983217.377036437,-5598.479075677986
272,30703446.831497878,-7219.038835233399
273,32102995.278090328,-6005.614629690925
274,26825650.48615083,-5388.822101528848
275,23267592.024872232,-6196.343968950222
276,17516551.9094407,-5231.55967871395
277,22928349.073849645,-5148.384122909641
278,59920256.71870533,-7942.067110185313
279,42549438.549155496,-7423.427394628102
280,31258882.153154552,-5356.80901157272
281,39394314.21983667,-7176.161004201268
282,45322666.41676315,-8674.563609712935
283,38572885.962486215,-6307.433188506406
284,54370129.90264324,-8005.081514710997
285,24929480.473547418,-6287.708105499695
286,61951170.014938794,-6622.86795583284
287,8259131.633516866,-4803.214989777354
288,11397615.539898403,-4878.0832596216505
289,39087288.91400423,-5409.763968915202
290,21015004.481437974,-4877.4850157718365
291,28807893.873053253,-6748.536790811073
292,30424008.311463013,-5376.604970415103
293,29167891.284692954,-6350.555514243859
294,33458393.28960121,-5653.120272985231
295,69599652.10961002,-8460.027694412976
296,37638904.51590856,-6658.059473859196
297,16100524.006609617,-6248.017420795862
298,14700081.960121863,-5540.124689497472
299,40169823.09361346,-7338.93449566408
300,24636664.102233108,-7361.345664842333
301,18476392.038908377,-4707.11443833751
302,16856099.565317214,-6843.3575484718785
303,11304010.197447693,-4090.508430485077
304,18634379.220767252,-7271.791654049699
305,47435155.58117773,-5439.994695406331
306,22575955.930084456,-6006.062487351342
307,11210796.317380514,-4093.417238421255
308,22743971.149305,-6101.80328331207
309,16366530.125823941,-5492.0575850714995
310,18098119.993158072,-4617.279982216817
311,25510863.624863636,-5700.1427525432855
312,23517829.14972587,-5673.016429900887
313,40090596.51741819,-5620.637171587064
314,19051796.36690597,-5900.410077659691
315,23407319.4983259,-5499.231478720747
316,21956312.906613093,-4630.223067958892
317,12921422.116047166,-4159.662449670542
318,21248946.629625358,-4794.756434446232
319,34919572.41819897,-5566.797504334762
320,38167463.30451165,-5621.9880099381335
321,29876095.587776896,-5342.359393396738
322,37646941.37532334,-5812.789243442151
323,72555620.43731298,-7169.099239478807
324,45185498.54785153,-5631.880582860696
325,24802320.033646837,-6739.029350422286
326,32125611.63661776,-7951.435161022192
327,12609091.50612174,-5470.827392106254
328,24841781.45140565,-6376.232422520026
329,21404837.94258479,-5462.4602868927595
330,8101558.21441659,-6080.596981077879
331,16737983.209058361,-4656.771487024719
332,27981153.973453034,-6158.101760969651
333,45791291.32895098,-6469.143555445369
334,14243386.667488143,-4762.376402501352
335,20692462.27918805,-5576.473197889666
336,19594912.255594857,-6429.732318407518
337,46210292.48006105,-6442.362487993054
338,29685454.215930637,-6002.470619319052
339,24843175.399789695,-5433.5792820785
340,31957980.169159103,-6766.812909197756
341,93852790.86985368,-9061.194228452416
342,10896021.407404717,-5418.75922473253
343,30161601.94097002,-5881.020009200656
344,23098251.843570486,-5589.881280299093
345,32873167.292512912,-6224.759866829783
346,28029644.07600425,-6600.204463901093
347,24668711.273751333,-6004.785080055055
348,38889993.70211382,-7026.329899252199
349,20169095.86792747,-6672.790668989208
350,20756442.53444619,-5433.270083410038
351,19143115.538222875,-5633.219983613777
352,28672818.656779293,-6847.3506520194205
353,37049494.63105445,-5677.6239805397345
354,21826970.205599837,-7770.8703487349285
355,16595485.926016955,-6314.99792809524
356,32741880.25493813,-5949.3375798501675
357,4293904.475581631,-5173.8696327560865
358,51640161.10056071,-6199.32087032343
359,45541420.00754705,-7427.606101872657
360,26818418.338225916,-5514.3046442488485
361,13194460.749481903,-6865.166891734567
362,37826649.7488816,-7390.266634011269
363,37104136.21349738,-5477.182766686216
364,22380943.25721479,-5071.692253874937
365,17804987.273146942,-7169.853034446271
366,69461963.56139955,-8500.623869077446
367,21655733.474672087,-4995.740319828072
368,20114389.805798225,-6360.952909263896
369,7397568.789886971,-4410.175934948968
370,32971178.9964753,-6426.83326042441
371,68036841.85767297,-7314.518230700547
372,23038098.796949252,-5644.528473505251
373,18001479.299980525,-4382.696166280432
374,21567171.736310706,-6002.859661891194
375,30872007.969175484,-6880.160166779668
376,26760738.08524923,-5930.060338840146
377,35717939.90186245,-7082.260179138082
378,12930614.29630421,-5200.677532758472
379,27075245.904553875,-6415.597865423208
380,36012262.64985923,-7139.343598624832
381,33779537.02332729,-6533.780106725841
382,28969893.7448465,-6451.491977743208
383,155106920.45974055,-10604.48192998622
384,46525199.54272586,-7638.16650893702
385,28705712.48310957,-5919.7686929940755
386,34274135.9668391,-5867.504022911684
387,48374003.38874487,-7084.60832658051
388,27778322.946763985,-5548.182677434188
389,45933611.3674067,-5219.681676098604
390,30648991.27855726,-6499.819674520694
391,41936449.4954572,-6034.989638441466
392,25573300.68853082,-6710.127358036092
393,14401316.67990534,-4441.597324291835
394,11386865.350737866,-5741.6836452621355
395,13901377.155394938,-4859.551850419244
396,20500455.46801411,-5689.352483833958
397,32887642.050225873,-5808.240902270263
398,22155204.754143756,-5703.896362872807
399,25640657.57269241,-6176.91103020663
400,28224731.114958923,-7449.91052127422
401,27256148.30631306,-5825.480851879133
402,21208876.52876157,-4902.8571515468175
403,73049682.53228779,-7162.532470268619
404,34301579.6796753,-6133.560370203565
405,7560339.156006578,-4455.632047389134
406,30026652.47777984,-5114.170453291326
407,23363993.730351552,-7247.962474928656
408,31025422.1908374,-5317.396983056335
409,47721019.740309596,-7511.2448979364135
410,20792907.09995746,-5651.6676165349145
411,33393546.07086927,-5395.8574523043235
412,9261758.155059863,-4895.557031335722
413,28905262.205153335,-5442.379083747159
414,33285484.179314747,-6288.887686119273
415,24140762.225336235,-5258.4113507635675
416,23584851.600160774,-5759.689093922214
417,59672229.1382784,-5873.722125843922
418,23979018.812700763,-5385.829981319178
419,92680954.92883635,-7284.317042584645
420,26880099.647851013,-5985.271098275417
421,25890460.092164256,-6754.162997001276
422,10624812.103775164,-5357.680732949221
423,33415193.1157063,-6323.748941142957
424,13638333.63851929,-5013.541500394167
425,17375797.551986866,-4521.631851440185
426,36805208.83088837,-5554.80361315443
427,19848704.055118255,-5316.321601218393
428,42112369.14786051,-6572.203684360884
429,36579210.61078429,-5878.680994374547
430,58788692.23692343,-6566.7389080510775
431,17922162.862978853,-6105.442569834264
432,26364368.4680162,-6542.455147539014
433,16540078.582589826,-6229.162436244731
434,32915420.974740393,-6076.312974976639
435,18119922.91240462,-4613.918748276768
436,14626179.11431545,-6164.999155721564
437,23811202.923618585,-4922.769651694127
438,20760098.42285178,-5683.945722474062
439,23291792.10888767,-5652.030007636709
440,35042849.98739712,-6104.660906476135
441,21465582.016208924,-4860.44418903967
442,8930725.651723817,-5399.626802296845
443,35677100.87944546,-6857.376276354994
444,44833877.93880967,-7059.3554031456015
445,59165239.26181388,-9792.730240362414
446,12783317.768961538,-4983.755446611793
447,42131357.20780015,-6397.329957951104
448,37600512.39119988,-7243.310918665976
449,40799680.772691116,-6369.393883652988
450,17444410.493890416,-5492.496489225663
451,12390935.052463023,-5040.293498097892
452,32442180.840533573,-6296.068747444908
453,38143611.27780016,-5158.998347608643
454,60452352.32970047,-5904.258970289764
455,17454504.451163676,-4844.2556818616395
456,50296398.00408829,-6261.010610789177
457,16185225.313599123,-4902.663439201331
458,38934738.52039619,-7148.80640595602
459,26815237.538275488,-4952.1701769174915
460,49818500.02017073,-8279.371206346223
461,36347092.66643528,-6090.342241099959
462,24083782.429811116,-6421.3667346997445
463,36407035.06693382,-7129.521928555252
464,45558341.40506809,-7040.849793931597
465,52552846.32243319,-6232.33870877399
466,27704911.253755033,-5048.691274568084
467,54830121.570247464,-5952.861885559291
468,20311672.40050767,-5563.839083288197
469,36105896.46402201,-6803.129330832186
470,41015279.693386436,-5795.876404693425
471,40474247.85700573,-8539.133061870838
472,21359001.286678642,-5704.746849111506
473,27012331.972993426,-5484.258677758396
474,56451015.753285855,-6159.748343931635
475,32948039.342755146,-5700.292004280564
476,38107436.261297785,-6099.201950120643
477,48400144.97237651,-7509.253916372982
478,25086428.602072444,-6210.374971044171
479,56942743.576393224,-5684.671289422101
480,19171282.710700292,-4984.901454389203
481,34682339.90534215,-5142.495319576429
482,27223321.76352926,-6848.120848558808
483,17008280.82996718,-5454.967796361348
484,43074432.494887844,-6777.073587872524
485,22160494.379131638,-5294.017733602027
486,52872463.71635169,-7009.332416399429
487,15217437.609847143,-4976.901679295905
488,34268104.663779296,-6930.786966085637
489,34613373.37882265,-6699.3749411280005
490,24608783.98432893,-5034.336053190852
491,59395163.87801051,-9688.68671345379
492,28268418.15269406,-4824.425223442741
493,31772353.86480867,-5735.573154491052
494,63111798.60091982,-7442.17908097457
495,35643988.48338553,-7745.845489007588
496,15312751.655994851,-6234.339370121716
497,32389620.852524012,-6722.525273507348
498,41912629.874448165,-5230.683969366324
499,35082659.09650665,-5577.7603319263435
500,42309053.55188537,-7065.613460860337
501,36054130.150290355,-6438.287670932764
502,29682940.20165833,-4934.337834041038
503,21461820.29258323,-6624.895825168572
504,25618507.681153886,-5962.570785845784
505,26012218.604904424,-6272.103449122675
506,41689485.93625674,-7602.992437485598
507,27978591.78722473,-7263.137273855038
508,45714006.684799835,-6749.784207526192
509,43783936.03971629,-7120.556012405384
510,30657054.50315383,-5380.17437280591
511,17793844.954560187,-5103.850520240148
512,32266211.16688892,-6197.197313916288
513,42072851.448763154,-5946.70707324639
514,37237820.222067855,-5913.855870199503
515,60000302.27926161,-7401.74079447113
516,16644306.171855563,-4013.943964016396
517,11618330.772620603,-5340.36266819055
518,49148964.64510607,-7683.97438247631
519,42935258.511945575,-7102.053780640055
520,24556752.955450233,-6936.506713445775
521,21892136.51150729,-7436.612838180254
522,7145360.20794769,-4659.365812168666
523,15347099.400758797,-4997.621106433802
524,23522204.52135608,-5274.841531995729
525,35453506.7705251,-6463.961180801138
526,21358298.77318653,-6116.283428119375
527,24672962.846200045,-6470.76810299421
528,20264287.272489574,-5276.977102180347
529,38042657.083895355,-7123.386777476875
530,11301893.805310763,-4992.085811200488
531,20134286.039865237,-5633.242462236902
532,20924690.541868657,-5727.814500915085
533,16330394.743292846,-5054.347358624096
534,40069361.55621897,-7944.725246466856
535,38451093.96948718,-6405.120800997147
536,44262823.14637392,-6120.277211505181
537,12690059.282662876,-5218.2858192444
538,21371366.057387102,-6038.321640176171
539,39781260.03630431,-6893.693473669629
540,37261642.49856702,-5921.476066733587
541,28648848.702203378,-6678.2712433227225
542,15151313.933583122,-5329.409904519145
543,55699603.32011354,-7201.706146155964
544,52024330.00247766,-6590.051557697802
545,25407394.60178204,-5526.300183448068
546,30603389.456576325,-6402.098230464308
547,19718182.93482638,-5999.241348602423
548,17768852.664697114,-5008.753386789128
549,32177502.505358785,-6038.756193757468
550,22000438.080471568,-5533.7449328178745
551,33816156.78273257,-6477.532564117908
552,50139360.43233559,-7028.86686857162
553,27957282.489279058,-6733.360328564787
554,24236268.677055623,-5800.279816743921
555,54112736.793552175,-7447.7126033895265
556,16190373.861026276,-4112.303911440778
557,24342870.57374143,-4705.481637140134
558,25691382.427061893,-6811.413507829997
559,56495464.37840353,-9043.072171913478
560,20635610.02731497,-5388.320939548153
561,20849497.940578904,-6583.268194150474
562,51756521.29880501,-6902.068100333623
563,27916487.29465066,-6941.582268368919
564,11167054.313392285,-4220.528165923143
565,20650297.88889521,-5719.903411473521
566,14118884.456601866,-6952.990802652099
567,28158517.00493662,-5543.1188041441455
568,21153459.91015502,-5634.225072503828
569,9430127.964550892,-4686.2893215286595
570,22046269.251491845,-5437.443985459648
571,21822069.06962211,-4590.582339885475
572,26200336.82224993,-5204.091589736691
573,13852858.406834267,-4790.39441288496
574,48262538.486115254,-7050.024278168146
575,43857988.09086451,-6610.442456263489
576,7263617.598506115,-3516.3623256803958
577,31033870.240457848,-6796.094459046769
578,18859700.282510273,-6192.559337605523
579,34101161.76484074,-5942.811906442841
580,11645687.820165658,-4596.383118579913
581,37724648.38901593,-6379.197813895409
582,27798188.311688174,-6672.036003171963
583,25658905.520890936,-7810.757460254408
584,29324488.137152255,-7627.14935322621
585,26838581.599275783,-5247.4523878507625
586,18009377.238256812,-5482.579461610019
587,35546372.12974125,-5746.762273384044
588,22111673.023488373,-4891.963917382367
589,8978882.872935345,-4352.7881412378065
590,9719102.910792561,-4531.57748643813
591,34977795.98005229,-5129.731538456551
592,74315459.20221674,-8377.750036932379
593,29046851.62970137,-8267.855984162346
594,30718244.360340588,-5173.512248361911
595,36638668.254712105,-6925.229931889646
596,20012339.414881125,-7340.50105686899
597,22342002.521733448,-6211.493895376882
598,9616591.208433727,-6745.423745119093
599,39859993.79338983,-6581.128037673317
600,33388421.649304632,-8058.591417701121
601,15755383.164429463,-5577.363520974121
602,34120881.87006014,-5412.434043380201
603,45668172.74382788,-6834.213526248439
604,4535230.949026436,-3743.699191372104
605,37779310.88565772,-5843.881370729033
606,28885272.945974413,-7129.522766646665
607,56985028.924653456,-6268.2003605383525
608,26021256.476137366,-6772.6820129477
609,31781278.35972675,-5320.073942886042
610,73776383.616014,-8191.9724223470275
611,28325270.365305535,-5980.805814170239
612,32136672.614822034,-4975.765491982453
613,15207684.645588027,-4655.254211137108
614,29853828.649822954,-5649.360565110695
615,13470910.118196482,-4395.134832750533
616,22621003.70997735,-5234.6345655747555
617,24544228.68348997,-6966.387271490427
618,26851964.280830257,-5924.022143762517
619,12508771.521732885,-5005.262710179701
620,24931528.286860447,-5892.472547532243
621,21094623.91318292,-6091.127455418355
622,36977971.15088822,-7010.210015965389
623,30800343.949735668,-6354.457636573663
624,19810557.671458393,-4299.210805881029
625,40120576.196406774,-7472.076888106624
626,41731337.87496601,-8284.157661429135
627,33004950.96290311,-6954.476411244889
628,12709500.472504754,-4849.32545809508
629,31355192.41790539,-6316.9040017727475
630,27861877.59043901,-6099.943308644208
631,16726066.59965843,-5419.673990572554
632,48254194.80186044,-6489.311893775801
633,37097818.59824312,-7895.03321718565
634,23495966.329370562,-5596.976788728137
635,40057633.45267888,-5804.638574761478
636,30963112.654251046,-5471.989565892479
637,29008745.87636091,-6740.338209912632
638,16266572.302116416,-5518.146121460753
639,26868931.578859538,-7120.084576267251
640,21895533.894132897,-4812.2897932652395
641,26071071.79045196,-6898.759901746712
642,40352157.251503855,-6475.997750564536
643,28989710.331685074,-4689.142816694544
644,34115029.33533146,-6947.137728428433
645,52722540.96579204,-8232.872508327866
646,31525483.37715333,-6717.316265976425
647,43517565.47040147,-8076.225624148736
648,29028288.72473057,-7643.454171090833
649,50852467.0270778,-6057.686071074625
650,33856985.075041324,-7067.40226246764
651,22867553.038332354,-5436.86653437033
652,40057256.67350454,-7032.266660407759
653,31606993.226961628,-5562.676986115267
654,17980329.757619202,-5281.72113961784
655,57435685.90638666,-8362.663252398374
656,40376259.71607246,-6134.008534549667
657,19952222.881888304,-7357.206274184569
658,32019760.247751452,-5569.9188773157875
659,11203637.74202154,-5443.84316996103
660,46792652.504172854,-7751.350712156629
661,8328885.106044525,-4323.387476706514
662,33683469.96244189,-5771.832429121246
663,55627642.592870496,-9484.708402636134
664,35893123.439146586,-6756.202882414342
665,2948222.5973036457,-3164.7032224278287
666,44622660.83619735,-7013.432927619357
667,70514027.97227828,-8356.998056289463
668,46044705.95873102,-7052.376652911773
669,38517225.45682996,-7171.2948703192005
670,47090286.23993826,-7347.98861871536
671,38223335.43509892,-7229.88202914344
672,28796390.369547613,-6140.644910832491
673,35814840.889350474,-5033.9837006594635
674,36366484.35995309,-5667.041895913553
675,20703836.98024393,-5607.892985519857
676,32455569.337664586,-8562.429601231399
677,29093027.084255878,-6029.821712691457
678,15981262.308106534,-5214.712463533673
679,27767288.295725066,-6300.397527038999
680,13443018.364616508,-4511.54765601647
681,22717322.067375645,-5635.245213928207
682,24369135.487779073,-4672.538064667091
683,35732783.94269211,-5877.837585459506
684,44716923.82911166,-6659.964134732738
685,32230055.818515167,-6677.225122094829
686,50167788.517617695,-6980.573475320678
687,75740193.41587967,-7150.311030135351
688,36152624.407284096,-6489.003827741315
689,20317335.287829258,-5402.569347421325
690,27014648.197364766,-7366.808786705535
691,20790179.01704243,-6435.866549893404
692,28928902.153682485,-5758.668343605958
693,39273232.831182875,-7853.6661897422655
694,19263577.3626493,-4201.166612732435
695,24180561.761675656,-5210.684941548727
696,24442104.520593148,-5414.812171623876
697,16719551.936599378,-6038.157597891055
698,34820066.70668254,-6394.593623766354
699,33545181.372783694,-5692.154632367594
700,10529817.7781475,-7664.317117693246
701,34168003.58767217,-6093.339389347176
702,28553383.694008473,-5385.398247417669
703,50928478.682261355,-8216.530105209458
704,24661997.151613735,-6242.935416548826
705,42060251.59115267,-6655.321348425788
706,37112015.76173874,-5054.855938605186
707,18078697.519819096,-6353.530999980496
708,55118335.77469405,-8272.621055518324
709,16968237.22329885,-5049.960379581407
710,28501584.311257992,-6252.703961630193
711,19181505.954414584,-5522.0821576778235
712,48001264.80059156,-8072.640359937642
713,20800863.2186591,-5777.044890602484
714,51445403.982540734,-7085.632125057949
715,33195106.19585108,-5961.911803488947
716,46912640.139789686,-7076.941614770981
717,48212336.321114264,-6222.504041470048
718,29561131.091072183,-5432.593225258286
719,12703986.322275233,-6864.333279697497
720,43694852.111509696,-6198.7351802932935
721,13467445.879502457,-4648.413737309695
722,30834013.086301763,-6904.942105846385
723,27651461.991615344,-7054.23109639791
724,32510857.283999387,-7271.5222733224655
725,18830336.01593414,-6160.121540257771
726,24259979.11982459,-6451.723026910879
727,20952626.17263347,-5187.307838744243
728,68975933.20036493,-7924.075876858705
729,26952278.610816244,-6055.382496332606
730,48639065.32579886,-6764.420689241513
731,43714132.2652609,-6908.473079275875
732,21674147.21443002,-5589.319463134433
733,12625515.435937231,-5119.799811406434
734,44578406.92447296,-7707.417915722535
735,69105421.41578057,-8700.524911210436
736,56018451.92873919,-6639.820132929046
737,12980707.47354929,-4983.578504201972
738,29730801.026276477,-6350.766882133859
739,14767719.169640522,-8119.060922608414
740,31319830.93540748,-5092.57978889925
741,22599325.438936036,-5740.625920777837
742,22978435.63347176,-5399.3382737526845
743,24717680.337675076,-4663.211228674426
744,48131874.2577235,-7880.034994903255
745,30067845.4829776,-4807.649861562008
746,35270368.74903904,-5277.90075732198
747,43968411.42540123,-7420.392386002541
748,71085744.2833513,-8152.325054440713
749,17064722.882938433,-7061.563129162977
750,72389906.46252313,-7742.556186984835
751,26305810.15812903,-6594.1803010056965
752,47133446.05170241,-7960.953646595601
753,16319840.37720289,-5905.971073012965
754,36714757.27839042,-6868.234071556904
755,37163435.33717433,-7021.078814370878
756,31852941.618839912,-6463.239259929023
757,32988743.59603158,-7810.017948227541
758,26808659.667413883,-7238.491113192327
759,29145896.074576877,-5239.091696466646
760,11488550.041262684,-4785.274590009813
761,17413128.22878799,-5876.1101537304
762,33418463.971530948,-5542.126546916343
763,24491544.979373716,-6169.389230356652
764,31896825.1034243,-4868.853747541006
765,33999509.86735525,-5904.308714286199
766,32935842.49027478,-6407.500625565367
767,44307934.32561663,-8806.929612285927
768,98445380.25923201,-9644.951534097485
769,30629108.02844902,-5924.260369520947
770,50962714.76847127,-5652.328751094126
771,34597935.49299847,-5656.9892370786965
772,39014923.180298984,-7140.515006750864
773,23741129.38550856,-5940.997590716953
774,33459873.911236238,-6787.938789474512
775,19246600.392600223,-6467.207523793174
776,21453738.05123466,-5494.674738962277
777,15506352.771299118,-4623.7717580576855
778,14135368.446825366,-5336.969567682192
779,28555608.206913978,-5657.685755617286
780,36640556.171152815,-6340.848341270072
781,17370106.177359372,-5920.962060401409
782,21196147.12154398,-8186.22625412347
783,44191471.01669762,-5831.859111941363
784,40938899.47547692,-7938.270793470299
785,11131189.086563008,-5245.127062096823
786,16024203.89264101,-6877.874546448237
787,40419924.32742277,-6664.469125861175
788,19546865.761199553,-5601.106663971437
789,38265820.73129139,-5447.727095855727
790,58603309.79317085,-8189.3890414831385
791,11444137.116234835,-5291.285826045971
792,28728818.09052274,-5246.828615684257
793,40303950.078419,-5931.656934400039
794,68550049.46694224,-8406.723163494815
795,62187622.22149658,-7527.966953209927
796,42000842.85508779,-5012.476406683958
797,28764216.884952765,-7660.329205751556
798,28302062.014344927,-6357.691091015818
799,18769502.650271583,-5886.4318342067545
800,55649881.12990653,-7556.483902329147
801,27248407.736345284,-6661.267436900214
802,51866398.81463953,-7700.160654463012
803,29236074.307404995,-5299.175502064186
804,33265126.546795532,-5721.540013750582
805,52857879.608329736,-8661.38502390915
806,26655317.374354683,-5925.452921232378
807,52276236.1941072,-6699.815593440379
808,20936078.051299475,-6054.783720937323
809,30668354.57008089,-6549.921899462813
810,18197487.47490767,-5773.496964780792
811,32194638.656242024,-5045.2263854376915
812,22223126.04997612,-4372.5083342879525
813,78407376.95108551,-8351.325885049566
814,14434911.757787045,-5617.135177247695
815,32035779.963276286,-8255.508642055129
816,29518624.667899624,-4999.917501938603
817,35835694.739970304,-7391.242673359315
818,22061587.689054344,-4857.067959819605
819,32385865.27730694,-6061.539965725311
820,33316592.439268082,-5887.249420598385
821,32421907.13165007,-5720.128294679969
822,32048883.885881335,-6980.911689610362
823,44837818.90545789,-6423.391712653306
824,15494154.51768767,-6501.355003064438
825,33365705.57181007,-7282.406721182435
826,38416653.48237882,-6094.2643544593775
827,35618117.25309035,-6226.100743835001
828,3199853.9837622857,-5509.88827372078
829,31458373.738513384,-6426.83219620819
830,38771180.66851494,-7540.640624115793
831,36754115.64702021,-6776.22419785354
832,14491548.25143878,-4821.69719410902
833,9141740.740396662,-3985.5996952884343
834,38537061.89106457,-6922.789410553766
835,29544791.248161238,-5672.281928864373
836,30177412.09489392,-6172.492226261254
837,16376684.883923436,-4792.36927479483
838,29353125.68515532,-7510.711251543405
839,44624354.27160375,-6331.498766209414
840,37776875.803974345,-5831.31540731744
841,28485831.631748766,-6350.976527076369
842,33525238.175114904,-6590.6163916419555
843,43574783.74449961,-6154.2945177675465
844,32483011.858452845,-6874.000593693991
845,21248709.432453327,-6560.785068649971
846,49875428.35681666,-6616.58061923231
847,36949929.37363772,-5960.266315861103
848,32905266.156002242,-5546.186385955733
849,25272279.6673495,-5195.583689790378
850,23433706.233461194,-4426.811074112211
851,41065773.23959212,-6272.576648132403
852,28658136.585025847,-6541.39294168507
853,16249110.09280142,-5696.375955129792
854,24658843.192310125,-5808.173779949355
855,20988588.86019344,-5725.559408635303
856,22523759.60054053,-4782.144293110622
857,35467149.170565896,-7407.150277132254
858,30481492.44492903,-6988.866296988533
859,16203754.48699663,-5413.107703254818
860,69123835.88253349,-7352.162261165744
861,38863668.96933674,-6945.845190100246
862,38771442.29766654,-6052.734820158536
863,24425847.02694882,-7057.316798160852
864,19735299.342685506,-6174.68914462891
865,13418896.15436891,-6068.8182016379005
866,37037770.80766711,-6942.005835727478
867,34308170.85404848,-6341.760309164727
868,39785449.278817795,-5693.866472723012
869,55424128.99310911,-6942.469066291011
870,16238631.458906632,-5669.931550228013
871,46003474.327218875,-7458.925053076826
872,28303572.76818936,-5944.639761345177
873,26447800.97056257,-6374.475347301728
874,21626396.364271265,-5795.847787965207
875,16740345.468594428,-4400.422196524811
876,15365131.170756688,-5498.485016825123
877,32228730.58164873,-6635.946728358685
878,44614145.73728202,-6713.483902020405
879,27955250.196833305,-7420.159615090613
880,32857316.723837357,-5665.892988064498
881,37708929.8381427,-7030.73921064957
882,28567117.82123542,-7394.899554363205
883,41722483.15668756,-6228.415597070375
884,23234366.189880475,-5803.099006037475
885,27934028.546411872,-5086.833305267982
886,32861024.95510755,-6412.527035860375
887,32679914.16987842,-5970.27524451411
888,24402775.63507422,-5213.766590557358
889,36062396.69713832,-6147.384571835013
890,25967608.074673302,-7461.8943510692225
891,31210587.939271025,-4077.756048054333
892,33936663.867491215,-6679.43439347248
893,17513494.304498836,-5655.28740682008
894,39204367.38818644,-7752.847883643512
895,27648936.941767775,-5440.680099505479
896,24218707.067398634,-5260.121062647861
897,24131324.56277095,-4750.082522148003
898,37213645.69821979,-6610.407162431195
899,23623779.30130518,-4528.496546732775
900,56392342.48001425,-6605.585009772374
901,37825209.61485756,-6579.699324958784
902,27948641.882733654,-6536.9250412427355
903,24421061.543131046,-6792.480412458789
904,29508070.644837197,-6037.05067181325
905,34372448.39585978,-5262.03407432743
906,22290160.57149927,-4891.8287068918635
907,35299552.443003,-6452.505214192688
908,39456286.39664884,-6897.7000378054745
909,17315426.316523172,-5452.7764827608025
910,53043880.01549998,-6989.043631683253
911,35558402.87290974,-6553.371051032265
912,45805907.54809986,-6570.312786886639
913,44010064.06065743,-7609.786597591794
914,43696252.96104977,-7801.326789874074
915,42612467.397825085,-5662.007198054191
916,26534898.64718579,-7195.060485583798
917,50197100.61860007,-7282.966605734224
918,17180187.11177749,-5408.573930833296
919,47170753.36970286,-6837.892263638878
920,20182202.962253064,-5450.1076647388645
921,29301192.926818796,-6229.9519013746485
922,20921911.06977211,-5236.7315035024185
923,47552324.276679054,-6585.85301760286
924,36912293.92748814,-5264.96519625735
925,13120408.056294903,-4547.672237171251
926,27813393.349544972,-6868.374378887206
927,20159942.623583272,-4825.865742260951
928,13749673.38641226,-5501.852074089893
929,25308215.49330963,-5709.85783286496
930,11818872.672283437,-5483.249254575935
931,16180558.694364088,-4951.599044992391
932,53294720.62322303,-6344.5004239399605
933,38495384.987057365,-6265.638711571816
934,14916110.942917151,-3854.1183832254274
935,45119185.4287057,-6706.678308826194
936,30800902.690337658,-6417.757964100378
937,28174968.569183648,-5177.429735385925
938,32231987.774320092,-6541.448330906279
939,35183545.534939125,-6263.43671424069
940,13275483.649203185,-4523.258609894524
941,19452588.407624353,-5841.98962112926
942,25713074.550113752,-5965.526493028518
943,26159754.919263422,-6391.646385471604
944,40097209.657121696,-7031.455020793592
945,30112907.023604102,-5985.028286913615
946,15381743.368272012,-4298.601393003906
947,53986848.37854472,-6329.853912449605
948,13736590.336586274,-6560.9594254864805
949,43243181.59345872,-7133.982826104603
950,20078448.88844056,-5876.313102434529
951,32144444.265203148,-5811.464038490531
952,29408629.83823831,-5361.028542958091
953,43676876.018574975,-6584.692157705967
954,39537502.9368091,-6859.369097870205
955,23189932.60951319,-5622.060038675641
956,16684037.60273117,-6599.171218943453
957,26245159.130466435,-5213.758330885853
958,12578468.562906973,-5585.112407210705
959,32960774.33430791,-7213.618081569199
960,44276155.12598713,-6328.343919008643
961,22284885.697230846,-7807.554603403349
962,23730687.088375617,-5019.635607947562
963,65059327.59469399,-9532.721173479567
964,22743520.493127525,-5656.1695692504545
965,31829300.022045963,-7431.657136292653
966,34500355.59981636,-5707.185692248026
967,33566536.71127865,-5484.2545359684855
968,16761689.368165104,-4940.211401157347
969,19564157.653535947,-5920.523308856176
970,24267490.44288368,-5958.4201455565135
971,20232529.92644643,-5195.15681125608
972,31209296.916257173,-5402.325793525347
973,35769588.55577492,-5479.707100087197
974,15574744.742249494,-7119.975493384922
975,31258964.69657779,-5168.498400303367
976,14643973.52501606,-5270.925613912241
977,23696785.35138468,-7138.012245405729
978,70507543.94682503,-7157.321396405514
979,33965707.21992714,-6257.527154237177
980,43683596.83658273,-5776.908738588236
981,62801715.87264671,-6793.120238141567
982,19515547.482530866,-4630.649989976013
983,31267784.803250547,-6034.636067784125
984,17821505.833950642,-4675.749768310345
985,25825495.43930234,-7086.7295695155235
986,37941457.93954351,-6603.77896431094
987,44124851.90749576,-6775.225349730363
988,18545249.624591697,-5073.491163447965
989,42479148.56073195,-6238.614031857351
990,15213429.591330647,-5412.978406843284
991,21907311.196721494,-4967.558085877781
992,19302747.54779021,-5591.396678718876
993,13972018.902655281,-4604.023915315255
994,38699127.74229374,-8094.619710404311
995,19793790.794165254,-5479.771342380906
996,82486277.89719881,-8755.79621685186
997,27392449.0483981,-6316.696706563973
998,57042264.553415194,-7003.132965909757
999,19701956.884302083,-5510.116249266948
1000,45201593.054566495,-6135.4986847350665
